{"cameraMode":{"drawMode":0,"name":"Shaded","section":"Shading Mode"},"sceneLighting":false,"audioPlay":false,"sceneViewState":{"m_AlwaysRefresh":false,"showFog":true,"showSkybox":false,"showFlares":true,"showImageEffects":true,"showParticleSystems":true,"showVisualEffectGraphs":true,"m_FxEnabled":true},"in2DMode":false,"pivot":{"x":17.384492874145509,"y":108.39240264892578,"z":-0.8130830526351929},"rotation":{"x":0.27375364303588869,"y":-0.19731777906417848,"z":0.057511162012815478,"w":0.9396306276321411},"size":2.542426824569702,"orthographic":true}