{"cameraMode":{"drawMode":0,"name":"Shaded","section":"Shading Mode"},"sceneLighting":false,"audioPlay":false,"sceneViewState":{"m_AlwaysRefresh":false,"showFog":true,"showSkybox":false,"showFlares":true,"showImageEffects":true,"showParticleSystems":true,"showVisualEffectGraphs":true,"m_FxEnabled":true},"in2DMode":false,"pivot":{"x":7.221430778503418,"y":1.1257691383361817,"z":15.759172439575196},"rotation":{"x":0.3745209276676178,"y":-0.024509968236088754,"z":0.009909575805068016,"w":0.9269057512283325},"size":3.3330609798431398,"orthographic":true}